"id","names"
"90090","Ross"
"10010","Ross"
"70070","Ross"
"30030","Ross"
"50050","Ross"
"30037","Ross"
"70077","Ross"
"90097","Ross"
"50057","Ross"
"10017","Ross"
"70084","Ross"
"90104","Ross"
"30044","Ross"
"10024","Ross"
"50064","Ross"
"70091","Ross"
"90111","Ross"
"10031","Ross"
"50071","Ross"
"30051","Ross"
"30058","Ross"
"70098","Ross"
"10038","Ross"
"90118","Ross"
"50078","Ross"
"70105","Michael"
"50085","Michael"
"10045","Michael"
"30065","Michael"
"90125","Michael"
"70112","Michael"
"30072","Michael"
"10052","Michael"
"90132","Michael"
"50092","Michael"
"10059","Michael"
"90139","Michael"
"30079","Michael"
"70119","Michael"
"50099","Michael"
"70126","Michael"
"90146","Michael"
"10066","Michael"
"50106","Michael"
"30086","Michael"
"70133","Michael"
"50113","Michael"
"30093","Michael"
"10073","Michael"
"90153","Michael"
"90160","Alex"
"50120","Alex"
"70140","Alex"
"30100","Alex"
"10080","Alex"
"50127","Alex"
"10087","Alex"
"70147","Alex"
"30107","Alex"
"90167","Alex"
"90174","Alex"
"70154","Alex"
"10094","Alex"
"30114","Alex"
"50134","Alex"
"70161","Alex"
"10101","Alex"
"30121","Alex"
"90181","Alex"
"50141","Alex"
"50148","Alex"
"10108","Alex"
"90188","Alex"
"30128","Alex"
"70168","Alex"
"30135","Joe"
"70175","Joe"
"10115","Joe"
"90195","Joe"
"50155","Joe"
"50162","Joe"
"10122","Joe"
"70182","Joe"
"30142","Joe"
"90202","Joe"
"30149","Joe"
"50169","Joe"
"90209","Joe"
"70189","Joe"
"10129","Joe"
"70196","Joe"
"30156","Joe"
"10136","Joe"
"90216","Joe"
"50176","Joe"
"30163","Joe"
"50183","Joe"
"90223","Joe"
"70203","Joe"
"10143","Joe"
"80080","Ross"
"20020","Ross"
"40040","Ross"
"00000","Ross"
"60060","Ross"
"40047","Ross"
"80087","Ross"
"20027","Ross"
"60067","Ross"
"00007","Ross"
"40054","Ross"
"00014","Ross"
"20034","Ross"
"80094","Ross"
"60074","Ross"
"40061","Ross"
"60081","Ross"
"80101","Ross"
"20041","Ross"
"00021","Ross"
"40068","Ross"
"60088","Ross"
"00028","Ross"
"80108","Ross"
"20048","Ross"
"20055","Michael"
"60095","Michael"
"00035","Michael"
"80115","Michael"
"40075","Michael"
"60102","Michael"
"00042","Michael"
"80122","Michael"
"40082","Michael"
"20062","Michael"
"20069","Michael"
"80129","Michael"
"60109","Michael"
"40089","Michael"
"00049","Michael"
"60116","Michael"
"00056","Michael"
"20076","Michael"
"40096","Michael"
"80136","Michael"
"60123","Michael"
"20083","Michael"
"00063","Michael"
"40103","Michael"
"80143","Michael"
"80150","Alex"
"20090","Alex"
"60130","Alex"
"40110","Alex"
"00070","Alex"
"40117","Alex"
"00077","Alex"
"80157","Alex"
"20097","Alex"
"60137","Alex"
"20104","Alex"
"60144","Alex"
"00084","Alex"
"80164","Alex"
"40124","Alex"
"40131","Alex"
"60151","Alex"
"20111","Alex"
"00091","Alex"
"80171","Alex"
"80178","Alex"
"60158","Alex"
"00098","Alex"
"40138","Alex"
"20118","Alex"
"60165","Joe"
"80185","Joe"
"20125","Joe"
"40145","Joe"
"00105","Joe"
"20132","Joe"
"00112","Joe"
"80192","Joe"
"40152","Joe"
"60172","Joe"
"20139","Joe"
"40159","Joe"
"80199","Joe"
"00119","Joe"
"60179","Joe"
"80206","Joe"
"60186","Joe"
"00126","Joe"
"40166","Joe"
"20146","Joe"
"20153","Joe"
"00133","Joe"
"80213","Joe"
"40173","Joe"
"60193","Joe"
"97160","Michael"
"97181","Michael"
